,id,prediction,probability
0,0,0,0.3755013717025718
1,1,1,0.6501172571566673
2,2,0,0.31636072109462726
3,3,0,0.4701025232514651
4,4,0,0.3469313544412112
5,5,0,0.16042101895019129
6,6,0,0.34660861937745313
7,7,0,0.4193767976589476
8,8,1,0.7109648480560451
9,9,1,0.9001648741574539
10,10,0,0.4008258178426993
11,11,0,0.38481013667692054
12,12,0,0.1326113542246418
13,13,0,0.4098076859942844
14,14,1,0.8633032797690361
15,15,0,0.4612110475920495
16,16,0,0.371484249351296
17,17,0,0.16038764775399963
18,18,0,0.20284435026315337
19,19,0,0.13744209930991572
20,20,0,0.4442733595560475
21,21,0,0.4563414650319825
22,22,0,0.3910122442502935
23,23,0,0.22882528736727767
24,24,0,0.22668165124313755
25,25,0,0.3563438915135215
26,26,1,0.6103132690203479
27,27,0,0.20852606515221278
28,28,1,0.6154241168626691
29,29,1,0.6510451519543768
30,30,1,0.5348216418689691
31,31,0,0.3248394142319221
32,32,1,0.7509347580489224
33,33,1,0.6629535241486914
34,34,0,0.40686246020238537
35,35,0,0.2218029118775679
36,36,0,0.32425218621387075
37,37,0,0.4578456971602109
38,38,1,0.5048411330297795
39,39,1,0.8688873398328151
40,40,0,0.41219561795121484
41,41,1,0.6391737946354399
42,42,0,0.42751407581216705
43,43,1,0.777497670706451
44,44,0,0.45561318275075374
45,45,0,0.4947616680589813
46,46,0,0.3129665272343812
47,47,0,0.10571927822075225
48,48,1,0.5112523807052222
49,49,0,0.25609586322304
50,50,0,0.23582861993944748
51,51,0,0.3153499467860605
52,52,1,0.6425242192595724
53,53,0,0.2921164545815126
54,54,1,0.6607755368849356
55,55,0,0.3917587777910849
56,56,1,0.6257495606219585
57,57,0,0.33468066335532237
58,58,1,0.5036589465212455
59,59,1,0.5374570601596269
60,60,0,0.16613290407572973
61,61,0,0.29761984525158386
62,62,1,0.7197448878966749
63,63,0,0.22295256799030183
64,64,1,0.6257865732563858
65,65,0,0.304956614297398
66,66,0,0.22688902511406073
67,67,1,0.5582484309877436
68,68,1,0.794866952492274
69,69,0,0.3667359002984449
70,70,1,0.7137235337247152
71,71,0,0.43816285236111546
72,72,0,0.4595315225927797
73,73,0,0.4821292497831837
74,74,0,0.4385486501883222
75,75,1,0.7612467812300195
76,76,0,0.20542226334390462
77,77,0,0.4519975786137958
78,78,0,0.2671379747652929
79,79,0,0.3532150556929338
80,80,0,0.22380327417814183
81,81,0,0.31256156009482783
82,82,0,0.39388633676074913
83,83,0,0.15205466070545126
84,84,0,0.17569862002321773
85,85,0,0.2265679364411827
86,86,1,0.6132332840859047
87,87,1,0.7748658488420458
88,88,1,0.5094193248411155
89,89,0,0.47404861059390463
90,90,0,0.24520172371305918
91,91,1,0.5312366570976569
92,92,0,0.16110044185779954
93,93,0,0.20358598108476994
94,94,0,0.3648657926182998
95,95,0,0.47667614317530493
96,96,0,0.43901718731079914
97,97,0,0.33653180147162776
98,98,1,0.8319561523081275
99,99,0,0.3439119324173946
100,100,1,0.6713725372704684
101,101,0,0.46579120589011164
102,102,1,0.8352606464494392
103,103,0,0.26797643128995874
104,104,1,0.7857919226959627
105,105,0,0.46797387445125394
106,106,1,0.529758921339454
107,107,0,0.14599862191414273
108,108,1,0.8692448265158498
109,109,0,0.4113339450471522
110,110,1,0.7408023631486952
111,111,0,0.27088366352880455
112,112,0,0.391819485834258
113,113,0,0.46843188698685584
114,114,0,0.151857692697961
115,115,0,0.424214201458145
116,116,0,0.28098011828280817
117,117,1,0.5357861270507401
118,118,1,0.662970100723071
119,119,0,0.3106578582768781
120,120,1,0.7053571550703148
121,121,1,0.6380005675839556
122,122,0,0.49084789890575425
123,123,1,0.7836074709520165
124,124,0,0.4757692089240856
125,125,0,0.29229891722453516
126,126,1,0.8754519546857098
127,127,0,0.47295807194494327
128,128,1,0.6241351279475674
129,129,1,0.8649281223382687
130,130,1,0.5826383532279009
131,131,0,0.4350002734869562
132,132,1,0.8517611762572763
133,133,1,0.5873773432713137
134,134,0,0.19359631584485898
135,135,0,0.36403497430199294
136,136,1,0.687713259443193
137,137,0,0.479406312481475
138,138,0,0.11311291184338762
139,139,1,0.7183227714968414
140,140,1,0.5687114129769029
141,141,1,0.734627613930661
142,142,0,0.44606099525428383
143,143,1,0.6983098989962222
144,144,0,0.3799920312107024
145,145,0,0.21081116971302932
146,146,0,0.3474913640131308
147,147,1,0.5135795871229806
148,148,0,0.45409984567660006
149,149,1,0.6954550745630431
150,150,0,0.45736852075085993
151,151,0,0.2919073823849852
152,152,1,0.5791948051575055
153,153,1,0.6976368232995975
154,154,0,0.25184100351343675
155,155,0,0.16630111458426008
156,156,0,0.24068546760598322
157,157,0,0.49766042151088186
158,158,1,0.6454409789023641
159,159,0,0.14467859915087875
160,160,0,0.4352290722487248
161,161,1,0.5815144588611316
162,162,0,0.2943997695554573
163,163,0,0.36420929197132684
164,164,1,0.7793641240254763
165,165,0,0.20253284872832372
166,166,1,0.5279774307321258
167,167,0,0.09356909181207741
168,168,0,0.29674295792612426
169,169,1,0.7705780772821917
170,170,1,0.5225564380582479
171,171,0,0.3624817428211173
172,172,0,0.23439036568448865
173,173,1,0.6297031211809117
174,174,1,0.6419011928754321
175,175,0,0.16360238591838988
176,176,0,0.4176065015650539
177,177,0,0.3077574465138665
178,178,1,0.6431499243390886
179,179,1,0.6270608894015698
180,180,0,0.3511486841844224
181,181,0,0.3777711204385206
182,182,1,0.8031393994707502
183,183,1,0.831728357260497
184,184,1,0.7560504706808302
185,185,1,0.5456749305192719
186,186,1,0.6842805610152932
187,187,1,0.6023410195197564
188,188,0,0.14740625841651372
189,189,1,0.7642116410541065
190,190,1,0.6669908236951634
191,191,1,0.7363041544888592
192,192,0,0.32239820665061203
193,193,1,0.8141433534232431
194,194,0,0.3703734640396978
195,195,1,0.85107029336072
196,196,0,0.22465764456951962
197,197,1,0.580371021358124
198,198,0,0.3089760774927483
199,199,1,0.8363634346237676
200,200,0,0.4716857949250243
201,201,0,0.21089540693056733
202,202,1,0.6091141820724383
203,203,0,0.18728743405972093
204,204,0,0.37981574872226254
205,205,1,0.5764564368220888
206,206,0,0.3659191176712101
207,207,0,0.36268080442775336
208,208,1,0.5631902737261584
209,209,0,0.24394682191824119
210,210,1,0.5907638642689949
211,211,0,0.31781260208315304
212,212,1,0.7287516371221944
213,213,0,0.38517011366906606
214,214,0,0.17418337800485534
215,215,1,0.7356598476142617
216,216,1,0.695180562569185
217,217,0,0.3579454320153581
218,218,1,0.6953588225420807
219,219,0,0.38620857460784414
220,220,0,0.2885958436816994
221,221,1,0.656343040688525
222,222,1,0.7385920968498466
223,223,0,0.08810594361862809
224,224,0,0.4020572960636986
225,225,1,0.5657927417932929
226,226,0,0.20549279297415582
227,227,1,0.793013574025857
228,228,1,0.5986489503487141
229,229,0,0.21881193265868976
230,230,0,0.40442529359870083
231,231,0,0.3693014441189392
232,232,1,0.7855352306612752
233,233,0,0.4003344949620755
234,234,0,0.32989437784995473
235,235,0,0.3088154887695287
236,236,0,0.4206205291388878
237,237,0,0.425297572486572
238,238,0,0.17175679821336678
239,239,1,0.8223699275476024
240,240,1,0.5551210454987396
241,241,0,0.26164254609793425
242,242,0,0.3222782892825653
243,243,1,0.5623229349587283
244,244,1,0.5533592549897218
245,245,0,0.3971276620333001
246,246,0,0.32900087823204677
247,247,0,0.42005499849504707
248,248,0,0.13087291761069744
249,249,0,0.32431566071846074
250,250,0,0.4982229730099688
251,251,0,0.46488749473670715
252,252,1,0.5721793098300706
253,253,1,0.7702753254647194
254,254,1,0.7960987475354373
255,255,0,0.17112014903866743
256,256,0,0.24277167394756105
257,257,0,0.20449451659751994
258,258,0,0.2654889819620182
259,259,0,0.19899591347705123
260,260,0,0.4778863445974794
261,261,1,0.5844735343801991
262,262,0,0.13450504493526821
263,263,0,0.2783277548522591
264,264,0,0.15303681410963801
265,265,1,0.5920063858239759
266,266,1,0.5955216800478117
267,267,1,0.6554500647858558
268,268,0,0.2183075324978706
269,269,1,0.52800650709535
270,270,0,0.4404594786501088
271,271,1,0.60061715319158
272,272,1,0.5746700231044394
273,273,1,0.6349568298838851
274,274,0,0.4290866526419524
275,275,0,0.2570207750753601
276,276,0,0.41402447255009706
277,277,0,0.35555190376383056
278,278,0,0.205069092728067
279,279,0,0.36000907718084113
280,280,1,0.6435202776642986
281,281,1,0.7014154987763688
282,282,1,0.57934186790788
283,283,0,0.4957333401012241
284,284,1,0.5963796010264615
285,285,0,0.4699592448079316
286,286,1,0.8381136767764034
287,287,0,0.3973380900464501
288,288,0,0.2151402705478999
289,289,1,0.7379609682869114
290,290,1,0.7767473256430869
291,291,0,0.32475320169489197
292,292,0,0.47881162034922914
293,293,0,0.3142858049631383
294,294,1,0.5862857864891214
295,295,0,0.3408510057592264
296,296,1,0.5619595185373474
297,297,1,0.5131545716373282
298,298,0,0.08754567986724984
299,299,1,0.571965254200326
300,300,0,0.21894859102228176
301,301,0,0.1863525352321451
302,302,1,0.5542433614748246
303,303,0,0.15697308485503805
304,304,1,0.6705076073036906
305,305,0,0.36517096391527815
306,306,0,0.4837857993115385
307,307,1,0.7047369529763415
308,308,0,0.28519929581424447
309,309,1,0.7313148658359601
310,310,0,0.19973931202191667
311,311,1,0.5236520247349379
312,312,1,0.5359820723815997
313,313,1,0.6481169368630098
314,314,1,0.727487758092462
315,315,1,0.5033874019023542
316,316,1,0.5582770123788242
317,317,0,0.3140080191890713
318,318,1,0.6967793247006886
319,319,0,0.27733053563325505
320,320,0,0.29038224923403244
321,321,1,0.5549304843959019
322,322,0,0.49963468252200216
323,323,1,0.7786929815366697
324,324,1,0.6530683032326259
325,325,0,0.35174425073374244
326,326,1,0.8977423015059237
327,327,0,0.3218112573975458
328,328,1,0.5929612078726758
329,329,1,0.7407925526010278
330,330,1,0.7303693803961252
331,331,1,0.5116512945300506
332,332,1,0.8607014179593276
333,333,1,0.62366014409114
334,334,0,0.19089908555897261
335,335,0,0.33372084579721356
336,336,0,0.30773859953745897
337,337,1,0.7674500242528871
338,338,1,0.6023235176334119
339,339,1,0.6670682049890193
340,340,0,0.18318410643502236
341,341,0,0.4471707852942957
342,342,0,0.1978110189220365
343,343,0,0.49540910815322
344,344,0,0.08527871368838759
345,345,1,0.558953494582609
346,346,0,0.20174206850351412
347,347,0,0.17469866342098953
348,348,1,0.8736438643255223
349,349,1,0.7518654701152984
350,350,1,0.8206037760484758
351,351,1,0.755308687420669
352,352,1,0.6347067462913404
353,353,0,0.46327248742932203
354,354,1,0.5489765916083003
355,355,0,0.15788218747671623
356,356,1,0.911822560240471
357,357,1,0.6603765190697716
358,358,0,0.33165381113343356
359,359,0,0.36198688778329763
360,360,1,0.6093168397189398
361,361,1,0.7620552323093828
362,362,1,0.8166251269437718
363,363,1,0.6026218363555939
364,364,0,0.3377777645975262
365,365,0,0.3971785500219651
366,366,1,0.7440399207382673
367,367,1,0.5187420143068027
368,368,1,0.7588109444195961
369,369,1,0.5121917518783079
370,370,0,0.4559531134085115
371,371,0,0.37627869000237507
372,372,0,0.11856011012486824
373,373,1,0.5939730309036809
374,374,0,0.3348249007404437
375,375,1,0.7296244573200077
376,376,0,0.22277146573642453
377,377,0,0.4506720060126319
378,378,0,0.2884259858570217
379,379,0,0.48204177299707923
380,380,0,0.306773378288121
381,381,1,0.7252750774920892
382,382,1,0.6770596149558671
383,383,1,0.7255268975825923
384,384,1,0.7126229099477908
385,385,0,0.3634289299275046
386,386,0,0.3890374112508464
387,387,0,0.4544964561984035
388,388,0,0.2630736079077955
389,389,0,0.4094989349548177
390,390,1,0.552606260350119
391,391,1,0.5861510638713314
392,392,1,0.5412435560558762
393,393,1,0.6188538259550186
394,394,1,0.7791406874813304
395,395,0,0.16826421675042252
396,396,1,0.903206492232282
397,397,0,0.08869163554088157
398,398,0,0.31219308559106485
399,399,1,0.6373669571181033
400,400,1,0.8065263263479372
401,401,1,0.845561984875158
402,402,0,0.19270735905680833
403,403,1,0.592543937362456
404,404,1,0.5476440793936744
405,405,0,0.25481656610159137
406,406,1,0.6601851802785791
407,407,1,0.7064241198774704
408,408,0,0.4379176682351953
409,409,1,0.6960762395927431
410,410,1,0.6004188189407662
411,411,0,0.41306793705876155
412,412,0,0.24189384048889637
413,413,1,0.7121056353952316
414,414,1,0.7967964618690566
415,415,0,0.4183781051178644
416,416,0,0.3809223208098683
417,417,0,0.28009016623399857
418,418,0,0.14312070211821348
419,419,0,0.2031647559798394
420,420,0,0.3605136699229857
421,421,0,0.26115930659963565
422,422,0,0.34858449571136924
423,423,1,0.7122994727882143
424,424,0,0.47303998061750774
425,425,1,0.6279107612220984
426,426,1,0.7186438485421138
427,427,1,0.6425543666759894
428,428,0,0.3125220183580927
429,429,1,0.6450701995554577
430,430,1,0.6310282934030446
431,431,0,0.4946756423025638
432,432,0,0.28881155008663867
433,433,0,0.2135001134084035
434,434,1,0.5177612788885044
435,435,1,0.5890766453304899
436,436,1,0.7974274983255029
437,437,0,0.2760385349164839
438,438,0,0.44736788334661465
439,439,0,0.22167998469659145
440,440,1,0.5273141893722747
441,441,1,0.7767586734384924
442,442,0,0.42884677493087625
443,443,1,0.6741149976434805
444,444,1,0.6626960769220362
445,445,0,0.35722543932807227
446,446,0,0.1479029963709181
447,447,0,0.21854392588935947
448,448,1,0.8026517848269746
449,449,0,0.10838999943602075
450,450,0,0.462057228551865
451,451,0,0.2922558635326985
452,452,0,0.4456480252591091
453,453,1,0.7360754635857213
454,454,0,0.4055586789784445
455,455,0,0.21015265913112896
456,456,0,0.4172603718287758
457,457,1,0.6450537111028276
458,458,0,0.4024648824737889
459,459,0,0.493399436192571
460,460,0,0.2495764955254705
461,461,1,0.7706626537053751
462,462,1,0.6704425087766094
463,463,0,0.15575451677614022
464,464,1,0.5241092849968323
465,465,1,0.8901037044566538
466,466,1,0.7452709611484148
467,467,0,0.335367857431069
468,468,0,0.1956283814123952
469,469,0,0.3582081364827346
470,470,1,0.6515444348230034
471,471,1,0.5208154529436066
472,472,1,0.5480100107372415
473,473,1,0.7695474035891342
474,474,1,0.591730375283908
475,475,1,0.8827308537358429
476,476,0,0.20423432154304966
477,477,1,0.5552921679704753
478,478,0,0.2901395541578133
479,479,0,0.4022866790818595
480,480,0,0.4132322912113372
481,481,0,0.4352966442679022
482,482,1,0.5639981956155118
483,483,0,0.12256628666973413
484,484,1,0.7712103060445207
485,485,1,0.7403091564271558
486,486,0,0.269722601054806
487,487,0,0.3568223634706151
488,488,0,0.07262978132779227
489,489,1,0.7197979880887524
490,490,0,0.246216608647825
491,491,1,0.5565903371734371
492,492,1,0.5089808020360902
493,493,1,0.7854450952278542
494,494,1,0.8843919484088947
495,495,1,0.7872144318898149
496,496,0,0.3928046699743895
497,497,0,0.11846718433355279
498,498,0,0.2022352895207653
499,499,1,0.7925840066100431
500,500,0,0.41405585621431285
501,501,0,0.24592091286118206
502,502,0,0.30241251059224183
503,503,1,0.5780173027097375
504,504,0,0.30479330663875936
505,505,1,0.6511658346131568
506,506,0,0.32371591116044607
507,507,1,0.6056028802663125
508,508,0,0.4230021496246539
509,509,1,0.606010516899625
510,510,0,0.23401691361120897
511,511,1,0.5053409574465093
512,512,1,0.7387374297866246
513,513,1,0.8264821794656764
514,514,0,0.31554334987715427
515,515,1,0.8293530266394086
516,516,0,0.1945373062516755
517,517,0,0.2614134413521376
518,518,0,0.46670917247457183
519,519,0,0.26704416143098375
520,520,0,0.12541862671139808
521,521,0,0.16958034354496607
522,522,0,0.26743812927512167
523,523,0,0.2594915775693717
524,524,1,0.6656341174435934
525,525,1,0.6793548595766392
526,526,1,0.6466819540042756
527,527,0,0.3365283463419754
528,528,1,0.6891066141950076
529,529,0,0.4793392620316002
530,530,0,0.22642811011590488
531,531,1,0.5237066591651249
532,532,0,0.39721690644665314
533,533,1,0.624281685309224
534,534,1,0.5430123455025095
535,535,0,0.4161486558456665
536,536,0,0.41570948889491166
537,537,1,0.7330542560640573
538,538,1,0.735552328212118
539,539,1,0.5370572087680843
540,540,1,0.5589752939581902
541,541,1,0.5522630924020884
542,542,0,0.41627797628089325
543,543,0,0.30924509072964657
544,544,0,0.14880022243710475
545,545,0,0.21600815709206014
546,546,1,0.8366571329372463
547,547,1,0.81945818954915
548,548,0,0.25467204213849437
549,549,0,0.21279908924887006
550,550,1,0.9441251014615987
551,551,0,0.1729705562350445
552,552,1,0.6339823463857074
553,553,0,0.4305025453141761
554,554,1,0.6920754051980577
555,555,0,0.2643449400755658
556,556,0,0.14892995628197683
557,557,0,0.21025701656129842
558,558,0,0.25262576985954865
559,559,1,0.5974588222741116
560,560,0,0.30388108651482065
561,561,1,0.5933107818445817
562,562,1,0.6933113950604055
563,563,1,0.5878311013670636
564,564,0,0.21315222389806235
565,565,0,0.24571810847032682
566,566,1,0.5622502863476223
567,567,1,0.5994188128607887
568,568,1,0.6123612398765257
569,569,1,0.5991407191525504
570,570,0,0.1774400470196427
571,571,1,0.7537240156551889
572,572,0,0.28367901735940226
573,573,1,0.8110743919065735
574,574,1,0.5552429593439613
575,575,1,0.6050224338690785
576,576,0,0.34447602968019847
577,577,1,0.5065700320935256
578,578,1,0.7709916866728626
579,579,1,0.6952333775944677
580,580,1,0.8658029399851811
581,581,0,0.448744266428839
582,582,1,0.7365379194605887
583,583,0,0.46638068135707955
584,584,1,0.500200778046931
585,585,1,0.6452931572474482
586,586,1,0.7819260292198544
587,587,1,0.59693116849438
588,588,1,0.8501196119847675
589,589,0,0.14762653176045476
590,590,0,0.48069722320622066
591,591,1,0.758140973335034
592,592,1,0.7789822184587927
593,593,0,0.34854379833384685
594,594,0,0.2355120584699422
595,595,0,0.3944469654297845
596,596,1,0.7159148870316597
597,597,0,0.31666393046655783
598,598,0,0.09965426403486624
599,599,0,0.38741900048358363
600,600,1,0.7722459460454654
601,601,1,0.8705297355177455
602,602,0,0.1263465487267683
603,603,1,0.6429374481367943
604,604,1,0.559232499946139
605,605,1,0.7418096952690763
606,606,1,0.6401545279803706
607,607,1,0.6749312451298075
608,608,0,0.13490512499619745
609,609,1,0.7777974201814754
610,610,1,0.5055488631818383
611,611,0,0.43883405848657386
612,612,1,0.520613607138808
613,613,1,0.6257935702637852
614,614,0,0.25714738545132493
615,615,1,0.6792146437299296
616,616,1,0.6078815023796442
617,617,0,0.3358212077250648
618,618,0,0.25555297605251215
619,619,0,0.4672981480940351
620,620,1,0.5230219014367657
621,621,1,0.7127743717471344
622,622,1,0.7646774480652391
623,623,1,0.5549270036354075
624,624,0,0.18751625965721094
625,625,1,0.7613210291310563
626,626,1,0.6525188172422144
627,627,0,0.453960117283481
628,628,0,0.14059643647555156
629,629,0,0.1969740344477552
630,630,0,0.19385072709071755
631,631,0,0.3408829364307373
632,632,0,0.24490766184003523
633,633,0,0.4380996805517717
634,634,1,0.7147425589976754
635,635,1,0.6507092776058978
636,636,1,0.5328198105662831
637,637,1,0.5815126608850523
638,638,0,0.3616283650032432
639,639,1,0.9051513003536339
640,640,0,0.10328103549453961
641,641,1,0.6032994387793505
642,642,1,0.5107402279520814
643,643,1,0.690460446868439
644,644,0,0.3823142088910854
645,645,0,0.41026766565897343
646,646,1,0.7784874993351564
647,647,0,0.21995790408648044
648,648,1,0.7186306467238425
649,649,0,0.4738706437675776
650,650,1,0.6638199306704856
651,651,1,0.7514308522127391
652,652,0,0.4886333543563911
653,653,0,0.18488256823338023
654,654,0,0.47676485105431204
655,655,0,0.4183756770053484
656,656,0,0.3604404686136815
657,657,0,0.45278363171089436
658,658,0,0.14270111181468353
659,659,0,0.3992260826247856
660,660,1,0.8745196646905672
661,661,0,0.46989062507547785
662,662,1,0.6400898884876145
663,663,0,0.17855217529514641
664,664,0,0.4182811307612953
665,665,0,0.21067503446104668
666,666,0,0.33245044265606555
667,667,0,0.27587453748255175
668,668,0,0.36948670702019343
669,669,0,0.14746931425986398
670,670,1,0.7737914050059782
671,671,0,0.4505876800735382
672,672,0,0.347492940713986
673,673,1,0.724642319866835
674,674,1,0.5449464478109045
675,675,0,0.31261906469675443
676,676,1,0.7741868450186717
677,677,0,0.22967683807096312
678,678,0,0.31683189609264756
679,679,0,0.44040287566027364
680,680,0,0.4955777045995764
681,681,0,0.3846717321119928
682,682,1,0.8010572015901517
683,683,0,0.40842570196366845
684,684,1,0.5005102357323075
685,685,1,0.5104121192517513
686,686,1,0.8285728617955403
687,687,0,0.21097091066457738
688,688,0,0.20992959629255473
689,689,0,0.46391411468808685
690,690,1,0.5585905368755327
691,691,1,0.7540331031626463
692,692,0,0.21843551422140267
693,693,1,0.7840652650075497
694,694,0,0.483041204022362
695,695,1,0.7037812912754171
696,696,1,0.5232296470813314
697,697,1,0.6926648232303213
698,698,1,0.7427486201012187
699,699,0,0.28973309253832463
700,700,1,0.577756769449466
701,701,0,0.3689791456870133
702,702,1,0.7967124054634174
703,703,0,0.44497269903125924
704,704,0,0.48172610319427706
705,705,0,0.41671068140933515
706,706,0,0.30645814519279096
707,707,1,0.5811283239789099
708,708,1,0.8812270355298764
709,709,0,0.4821733217050483
710,710,0,0.27689015848826337
711,711,0,0.40228934813601386
712,712,1,0.8005164233558953
713,713,0,0.18518806815732233
714,714,0,0.43075709643215204
715,715,0,0.39989339625834985
716,716,1,0.5362320876610261
717,717,0,0.27295333348524836
718,718,0,0.28095496605525944
719,719,1,0.8449697058738684
720,720,1,0.5855981700631593
721,721,1,0.6259331874080516
722,722,0,0.36908205499931684
723,723,0,0.3462283765583553
724,724,0,0.32831356793801253
725,725,1,0.5248668362815387
726,726,0,0.43439690807685066
727,727,1,0.5787821112852453
728,728,1,0.5114917031360903
729,729,0,0.3504897378570265
730,730,1,0.5246601260494508
731,731,1,0.6378455574702997
732,732,1,0.798100007815729
733,733,1,0.5229996154720149
734,734,1,0.6516953304741938
735,735,1,0.696743043908195
736,736,0,0.3663703987412219
737,737,0,0.36885599568958705
738,738,0,0.3813774510574829
739,739,0,0.2502149280774879
740,740,0,0.24876331508584423
741,741,0,0.2398089486036821
742,742,1,0.752031118667812
743,743,0,0.29862860411700565
744,744,0,0.19637149326188694
745,745,1,0.7597489010822259
746,746,1,0.6336022194583772
747,747,1,0.5231526590234953
748,748,1,0.7605986525103392
749,749,0,0.46640563107507904
750,750,0,0.48743275496628913
751,751,1,0.8872516083053302
752,752,0,0.49501062522206074
753,753,1,0.5439877851094274
754,754,1,0.7251255297304183
755,755,0,0.28281139472174094
756,756,0,0.3452064845902086
757,757,1,0.7691107994431438
758,758,1,0.9408367293145111
759,759,1,0.8995356912118387
760,760,1,0.7781697056316644
761,761,1,0.6824485879645407
762,762,0,0.3543363574699757
763,763,0,0.37879155516466473
764,764,1,0.8149392041671142
765,765,1,0.6161152421337711
766,766,0,0.46901408119445853
767,767,0,0.4412870919331997
768,768,0,0.25777209792537814
769,769,1,0.7558774200314404
770,770,1,0.7657740190989223
771,771,1,0.8479894772583115
772,772,1,0.7140451866304943
773,773,1,0.8696036728351254
774,774,1,0.64150255648363
775,775,0,0.28355712096262414
776,776,0,0.3488087015499953
777,777,0,0.2819466149884457
778,778,0,0.3774050268606497
779,779,1,0.5637496819022666
780,780,1,0.7454546618775708
781,781,0,0.49514590595483515
782,782,1,0.6583609871653178
783,783,1,0.6453076613591692
784,784,0,0.2955908148804473
785,785,1,0.6990199399169938
786,786,1,0.5533883189949226
787,787,1,0.7347289292577632
788,788,0,0.2325215560544994
789,789,1,0.5865556846619719
790,790,1,0.6279960121394785
791,791,0,0.3249021747878734
792,792,1,0.5706793480802832
793,793,1,0.6582181532605363
794,794,0,0.10064900124946644
795,795,0,0.2002030553310371
796,796,0,0.49460687214899524
797,797,0,0.22147740935953208
798,798,1,0.7733462680109261
799,799,1,0.8008359149233849
800,800,0,0.48835544773173317
801,801,1,0.8056199020114673
802,802,0,0.31157942984250614
803,803,1,0.7779603011992159
804,804,0,0.36740236739137216
805,805,0,0.2564527649524829
806,806,0,0.37113601597132456
807,807,0,0.18904627478008146
808,808,0,0.4229928057172393
809,809,0,0.28762406591439466
810,810,0,0.2943703347487944
811,811,1,0.8047328917826474
812,812,0,0.3617522910040238
813,813,0,0.12627946952895094
814,814,1,0.9201520925514332
815,815,1,0.623486418484552
816,816,1,0.5698433618538886
817,817,0,0.41281369780479865
818,818,1,0.8099685770809256
819,819,0,0.4557913178462045
820,820,0,0.3423942740400961
821,821,1,0.7293219196760484
822,822,0,0.26132883540497226
823,823,0,0.403924372476955
824,824,0,0.3979864677801138
825,825,1,0.5529195348934808
826,826,1,0.5112784764777929
827,827,0,0.26053032559195605
828,828,1,0.5793683985547354
829,829,1,0.7592353121606862
830,830,0,0.25959821118588094
831,831,0,0.39645725107991836
832,832,1,0.5320842237708867
833,833,1,0.7570110666273959
834,834,1,0.5090088847586811
835,835,0,0.3706358390505131
836,836,0,0.4295635972753432
837,837,1,0.857498374370949
838,838,0,0.4893298673601784
839,839,0,0.2252837912528783
840,840,1,0.7598744671595877
841,841,1,0.6914123715720706
842,842,1,0.7486073624578223
843,843,0,0.3651196347667248
844,844,0,0.35390075179725816
845,845,0,0.3135751397834375
846,846,0,0.4189125762803876
847,847,1,0.675521630100914
848,848,0,0.2347597604922186
849,849,1,0.5324136033651388
850,850,1,0.5766525962712079
851,851,0,0.4027952512754372
852,852,1,0.8355990824470015
853,853,1,0.6695160657857729
854,854,0,0.2625267873030225
855,855,1,0.6367820802529646
856,856,0,0.39406367798724407
857,857,0,0.39048100893126764
858,858,1,0.6477860354095323
859,859,1,0.8511137909172667
860,860,1,0.6127221541546406
861,861,0,0.36598369766475847
862,862,1,0.6638244185241781
863,863,0,0.445553421178849
864,864,0,0.14993824239166498
865,865,1,0.5802427109739943
866,866,1,0.8944926476701512
867,867,0,0.3751942402288865
868,868,0,0.3799189002294634
869,869,0,0.21380766647451968
870,870,0,0.10237272690974132
871,871,0,0.4590212294718379
872,872,0,0.308762354486403
873,873,1,0.732580988031121
874,874,0,0.15250116845268302
875,875,1,0.6562999104936587
876,876,0,0.08462159032280799
877,877,1,0.6112021209957519
878,878,1,0.6379142784313367
879,879,1,0.7611856231762101
880,880,1,0.6361268326812313
881,881,1,0.5769291567155607
882,882,1,0.5156285571840186
883,883,0,0.12584521402364174
884,884,0,0.4700325996545294
885,885,1,0.8015379221582112
886,886,0,0.2919337050974594
887,887,0,0.11744145349386297
888,888,0,0.3172093030264011
889,889,0,0.2935562306211921
890,890,0,0.3298900655290377
891,891,1,0.7227088758839265
892,892,1,0.5791586834874587
893,893,0,0.34710091067633914
894,894,0,0.40924430877233603
895,895,1,0.5164083457181108
896,896,0,0.10399626065623574
897,897,1,0.8899868099489491
898,898,1,0.5774276223139606
899,899,0,0.2838765405278752
900,900,1,0.727448912973832
901,901,0,0.4354057022710319
902,902,0,0.4212477877123845
903,903,0,0.408960476955579
904,904,1,0.847498660748841
905,905,0,0.44351207454019465
906,906,1,0.5354968451428799
907,907,1,0.7391748378054046
908,908,1,0.5391067540078767
909,909,0,0.18751796752253524
910,910,0,0.3968735401755302
911,911,1,0.5670460158582458
912,912,1,0.6536824011459347
913,913,0,0.43476466652342466
914,914,0,0.28341051150443464
915,915,1,0.5067569844998911
916,916,0,0.48057694292204917
917,917,1,0.5311480663607752
918,918,1,0.6908858997301419
919,919,1,0.7901109527286462
920,920,0,0.42273113529108547
921,921,0,0.4278689280442362
922,922,1,0.5373298955237596
923,923,1,0.5192728075480285
924,924,1,0.7192494443267096
925,925,0,0.35268251149961966
926,926,1,0.8863508551747348
927,927,0,0.3090307778516943
928,928,0,0.33421819402245245
929,929,0,0.25589939816141233
930,930,0,0.18219745921614175
931,931,1,0.5012709508754034
932,932,0,0.07982824970713101
933,933,0,0.27512012919798784
934,934,0,0.4824950351879652
935,935,0,0.40018983066288155
936,936,0,0.38337601290917556
937,937,0,0.14932072279533362
938,938,0,0.4291139034475841
939,939,1,0.8186218181385215
940,940,0,0.4926886988800046
941,941,1,0.6856374665038499
942,942,1,0.5615071112178728
943,943,0,0.4260474308972624
944,944,1,0.5164974947343712
945,945,1,0.6546395675321531
946,946,1,0.7391314480645129
947,947,0,0.18779746816162263
948,948,0,0.3913361714559047
949,949,0,0.39831302393980145
950,950,0,0.49592278911169335
951,951,1,0.6884268076519096
952,952,0,0.22721511171260042
953,953,0,0.4551938170594255
954,954,1,0.5071554768606024
955,955,0,0.24879438641686988
956,956,0,0.3951674811920258
957,957,0,0.38219641804496923
958,958,1,0.5113052269645827
959,959,0,0.31058614642898696
960,960,0,0.3304956807650308
961,961,0,0.4971436377554632
962,962,0,0.29855332782311594
963,963,0,0.4839153444773053
964,964,0,0.47963959218403973
965,965,0,0.15620514401335317
966,966,1,0.637970471444171
967,967,0,0.43770953080138175
968,968,1,0.7655821191844522
969,969,1,0.6645467721720527
970,970,1,0.7896113263103458
971,971,1,0.6662358480923302
972,972,0,0.14832659299361164
973,973,1,0.6366915380485098
974,974,0,0.32120851938360684
975,975,0,0.2528163252898686
976,976,0,0.1491615892893451
977,977,0,0.40191370282562755
978,978,0,0.4647998308056116
979,979,0,0.49659688278501907
980,980,0,0.44990901898440394
981,981,1,0.6477382237694986
982,982,1,0.7472890478716127
983,983,1,0.7004799115287201
984,984,1,0.5803085185798095
985,985,1,0.7580982275835648
986,986,1,0.7448796111946848
987,987,1,0.8676064017388033
988,988,1,0.6857927653040555
989,989,0,0.3771021385169778
990,990,0,0.32782397309695605
991,991,1,0.5703017155043111
992,992,1,0.6148055816576609
993,993,0,0.4210403236087211
994,994,0,0.28625933073694254
995,995,0,0.1860657857257335
996,996,0,0.2592740058747745
997,997,0,0.47996858374868273
998,998,1,0.6409314861744373
999,999,1,0.5620050261389786
1000,1000,0,0.34221930235437
1001,1001,1,0.7741274672295825
1002,1002,1,0.7412845124566642
1003,1003,1,0.6635707189683112
1004,1004,0,0.14198451727948577
1005,1005,0,0.40273456260172236
1006,1006,0,0.4001238795809514
1007,1007,0,0.28626080917928304
1008,1008,0,0.28956227530281864
1009,1009,0,0.35743801694753413
1010,1010,0,0.4830613650379486
1011,1011,1,0.7428881844349207
1012,1012,0,0.4006739958734566
1013,1013,1,0.6120763113083468
1014,1014,0,0.42489610266684885
1015,1015,1,0.6809539796578009
1016,1016,0,0.26283326285924785
1017,1017,0,0.3480895689327084
1018,1018,1,0.5065671938496112
1019,1019,1,0.5579943915579278
1020,1020,0,0.34429913136280915
1021,1021,1,0.5356450104803288
1022,1022,1,0.8221450736595178
1023,1023,0,0.1253882912417785
1024,1024,0,0.3078340407990944
1025,1025,1,0.6658565908186936
1026,1026,1,0.8094679941527267
1027,1027,1,0.6682089007700092
1028,1028,0,0.3981565198142464
1029,1029,1,0.5861827552302341
1030,1030,1,0.676321641479076
1031,1031,1,0.5988721590135175
1032,1032,1,0.8174422809269368
1033,1033,1,0.5942510606489122
1034,1034,0,0.11957508062260144
1035,1035,1,0.5287873119417714
1036,1036,1,0.5259347282300877
1037,1037,0,0.34936453133451
1038,1038,1,0.6552259053453198
1039,1039,0,0.34703205354670325
1040,1040,1,0.8762899222724571
1041,1041,1,0.7006458140327753
1042,1042,1,0.7146722101508025
1043,1043,1,0.5115025132387048
1044,1044,0,0.44192159585315227
1045,1045,0,0.3855409119399276
1046,1046,0,0.3269846669255736
1047,1047,0,0.259866952483397
1048,1048,0,0.40934597387838406
1049,1049,0,0.2805613149934668
1050,1050,1,0.7364517555600864
1051,1051,1,0.7398008163822648
1052,1052,1,0.6743014695243711
1053,1053,1,0.5433835415366568
1054,1054,0,0.3357324251795802
1055,1055,0,0.30864423843699734
1056,1056,1,0.6827946478167389
1057,1057,0,0.18516953585259172
1058,1058,1,0.7873874600214575
1059,1059,1,0.633957694848081
1060,1060,1,0.7429413098260481
1061,1061,1,0.8739305192551038
1062,1062,0,0.16963526682325125
1063,1063,0,0.13411030734712737
1064,1064,1,0.6947758367545177
1065,1065,1,0.6094735438871732
1066,1066,1,0.8679564115772928
1067,1067,0,0.41397730407212296
1068,1068,0,0.23294070668775615
1069,1069,0,0.2720965812874734
1070,1070,1,0.7203877651850412
1071,1071,1,0.7488989376580811
1072,1072,0,0.4189528427313705
1073,1073,1,0.5694446579203383
1074,1074,1,0.8009134302833786
1075,1075,1,0.6183845667433928
1076,1076,1,0.7526572912012717
1077,1077,1,0.5440206986973711
1078,1078,0,0.12916795390952923
1079,1079,0,0.44578238883108506
1080,1080,0,0.42869703278849136
1081,1081,1,0.5962242259345352
1082,1082,0,0.34939933647323984
1083,1083,0,0.31988148944636735
1084,1084,1,0.7795738315542144
1085,1085,1,0.5598614191548722
1086,1086,1,0.5325438848621052
1087,1087,0,0.06092924639952028
1088,1088,1,0.8520309422056223
1089,1089,1,0.6299832028253278
1090,1090,1,0.5321300871775974
1091,1091,1,0.6341555021169742
1092,1092,0,0.3060855788152757
1093,1093,0,0.24885195630147078
1094,1094,0,0.2740947623514724
1095,1095,1,0.5517191564965619
1096,1096,1,0.5403217859676791
1097,1097,0,0.40560981796733375
1098,1098,1,0.7226580250394851
1099,1099,1,0.7506527534430156
1100,1100,0,0.1772057465364326
1101,1101,1,0.6981817189469178
1102,1102,0,0.27982175092260464
1103,1103,1,0.5467475826348431
1104,1104,1,0.5739111354097671
1105,1105,1,0.673962910037079
1106,1106,0,0.2385522904228601
1107,1107,0,0.48651854443285547
1108,1108,0,0.20232264850463663
1109,1109,1,0.6528231053420137
1110,1110,0,0.44698562127640196
1111,1111,1,0.8391305457492817
1112,1112,1,0.9410608772336815
1113,1113,1,0.9100451879664493
1114,1114,1,0.6313394282618375
1115,1115,1,0.522027716689349
1116,1116,1,0.6623751731802181
1117,1117,1,0.5738232583788391
1118,1118,1,0.6530288982356722
1119,1119,1,0.8209873570090505
1120,1120,0,0.29885204626319317
1121,1121,1,0.6254858147652624
1122,1122,0,0.4433214674621764
1123,1123,1,0.7307222524364931
1124,1124,1,0.809740932506888
1125,1125,1,0.6943059604390791
1126,1126,0,0.1411683731636601
1127,1127,0,0.20664411990360432
1128,1128,1,0.5224312114440202
1129,1129,0,0.22992166708948825
1130,1130,0,0.14468625567658314
1131,1131,0,0.15754966077401003
1132,1132,0,0.37984192244011866
1133,1133,0,0.3743717949976949
1134,1134,1,0.8364652327584143
1135,1135,0,0.4354602083571702
1136,1136,0,0.20986156150823282
1137,1137,0,0.3033092582960409
1138,1138,1,0.7489314051426471
1139,1139,0,0.31793826358792915
1140,1140,0,0.4818005168300596
1141,1141,1,0.7228796178762095
1142,1142,0,0.33598342981127505
1143,1143,0,0.33308399529438454
1144,1144,1,0.6617000404573177
1145,1145,1,0.6118156390433075
1146,1146,0,0.38681070900874404
1147,1147,0,0.2172897924799867
1148,1148,1,0.8656442453284657
1149,1149,0,0.32994390318074707
1150,1150,0,0.3521741963895576
1151,1151,0,0.17220349941049773
1152,1152,0,0.12066360393500555
1153,1153,1,0.7358398828093501
1154,1154,0,0.18460244307936818
1155,1155,1,0.6115351588520369
1156,1156,0,0.36816058909592403
1157,1157,0,0.3355348717989857
1158,1158,0,0.4645934373256264
1159,1159,0,0.3253654865905307
1160,1160,1,0.845545227093589
1161,1161,1,0.6802955281259658
1162,1162,0,0.4251762499288421
1163,1163,0,0.4153298606141947
1164,1164,0,0.2749822285247527
1165,1165,0,0.2986084149960502
1166,1166,0,0.31111247437943085
1167,1167,1,0.556494929631758
1168,1168,0,0.3479787855816433
1169,1169,0,0.23571215242344964
1170,1170,1,0.6363944820765914
1171,1171,1,0.6557805816690022
1172,1172,1,0.7515745120827693
1173,1173,1,0.605092199802069
1174,1174,0,0.44149751247720515
1175,1175,0,0.32187759659712484
1176,1176,0,0.49105828983860556
1177,1177,0,0.3483008398982255
1178,1178,0,0.32617977959284444
1179,1179,0,0.28185626814293085
1180,1180,0,0.2131677303782391
1181,1181,0,0.15454081698705593
1182,1182,1,0.5116219547446399
1183,1183,0,0.3725466065010736
1184,1184,1,0.6766883613735267
1185,1185,0,0.44211987004155184
1186,1186,0,0.13092949646041044
1187,1187,1,0.5495316051363834
1188,1188,1,0.5094421374497285
1189,1189,1,0.6042151854815799
1190,1190,0,0.41225348322153704
1191,1191,1,0.5687318893606544
1192,1192,1,0.6322826126990749
1193,1193,0,0.2021409974110245
1194,1194,0,0.3072084127949078
1195,1195,0,0.47516738292402844
1196,1196,0,0.29898152348877627
1197,1197,0,0.4529832638747065
1198,1198,1,0.5951700557765205
1199,1199,0,0.40639447413987684
1200,1200,1,0.7617011724144682
1201,1201,1,0.5837129817853401
1202,1202,1,0.8468606142635846
1203,1203,0,0.2597747825760769
1204,1204,0,0.13843067172038898
1205,1205,0,0.3765093359321254
1206,1206,0,0.23813850421665636
1207,1207,0,0.26605017619934823
1208,1208,0,0.48343372962376835
1209,1209,0,0.36036453921630096
1210,1210,0,0.4900106844631241
1211,1211,0,0.2839627036677982
1212,1212,0,0.3050303721978655
1213,1213,0,0.19604928475662037
1214,1214,0,0.43476167638526386
1215,1215,1,0.6106694595197121
1216,1216,0,0.13581085440678003
1217,1217,0,0.19741195113071688
1218,1218,0,0.4428369227346385
1219,1219,1,0.6397574458414366
1220,1220,1,0.7965188828763978
1221,1221,0,0.13135346815555676
1222,1222,0,0.4330401085445896
1223,1223,1,0.5273298421891781
1224,1224,1,0.6343464852709972
1225,1225,1,0.7642769719868073
1226,1226,0,0.3953073021981225
1227,1227,0,0.4341428944513226
1228,1228,1,0.8298747405519799
1229,1229,0,0.47055857575558613
1230,1230,0,0.23011222901423914
1231,1231,1,0.5139554383236933
1232,1232,1,0.850963730725384
1233,1233,1,0.6660711200586549
1234,1234,1,0.8704496912835537
1235,1235,0,0.4231653187238946
1236,1236,0,0.3188992364979818
1237,1237,0,0.456378594861342
1238,1238,0,0.4020861378974624
1239,1239,1,0.5329915608933713
1240,1240,0,0.36708418193283787
1241,1241,0,0.2545006733828322
1242,1242,0,0.4037355952812417
1243,1243,0,0.07949114905479755
1244,1244,1,0.7247196294825969
1245,1245,1,0.5594479753514863
1246,1246,0,0.23767128892302908
1247,1247,0,0.2778850000153861
1248,1248,1,0.7348313376245003
1249,1249,1,0.6464449380621321
1250,1250,0,0.272341787824213
1251,1251,1,0.5581573843858224
1252,1252,1,0.6233479723236319
1253,1253,1,0.6391030622114487
1254,1254,1,0.8735850960451936
1255,1255,0,0.28002681476519653
1256,1256,0,0.12516926363122094
1257,1257,0,0.4056318386871244
1258,1258,0,0.40228899176139116
1259,1259,0,0.222269075536922
1260,1260,1,0.5985736067667679
1261,1261,0,0.2068613922005605
1262,1262,0,0.40094946563116823
1263,1263,1,0.826474642133107
1264,1264,0,0.17115093180677937
1265,1265,0,0.19803897241620233
1266,1266,0,0.35967190187857645
1267,1267,1,0.7390834031650364
1268,1268,1,0.7745201599591321
1269,1269,1,0.7813476427104662
1270,1270,0,0.16897961061960554
1271,1271,1,0.6790732762712497
1272,1272,1,0.5041228440376233
1273,1273,1,0.6784650864427711
1274,1274,0,0.38268836096195846
1275,1275,1,0.625554382505227
1276,1276,1,0.6734046825067919
1277,1277,0,0.17793229881349445
1278,1278,0,0.23907753926577313
1279,1279,0,0.36300452555951673
1280,1280,1,0.7569303585810809
1281,1281,1,0.7151005259818184
1282,1282,0,0.17251413968650256
1283,1283,0,0.491330184040111
1284,1284,0,0.4276763834992
1285,1285,0,0.4053307744113931
1286,1286,1,0.6671183902507245
1287,1287,0,0.3435761966145345
1288,1288,1,0.638140773858235
1289,1289,0,0.2004705686547981
1290,1290,0,0.4264480133462522
1291,1291,0,0.4895123922889634
1292,1292,0,0.3956329835654469
1293,1293,1,0.570809716773225
1294,1294,1,0.7241580107553337
1295,1295,0,0.37999637124891983
1296,1296,1,0.6640119107639982
1297,1297,1,0.7807908291447807
1298,1298,0,0.41829657290682243
1299,1299,1,0.659437233273121
1300,1300,0,0.15660674556165785
1301,1301,1,0.6330952982344686
1302,1302,1,0.7477133387516252
1303,1303,1,0.6769060491587022
1304,1304,1,0.6337474162220689
1305,1305,1,0.8243494227344642
1306,1306,0,0.4935955855029205
1307,1307,1,0.6665930751252579
1308,1308,0,0.3279577568150832
1309,1309,0,0.3958810380293575
1310,1310,1,0.6686558654538001
1311,1311,0,0.14538412024573633
1312,1312,0,0.39228541952922363
1313,1313,1,0.6062512309873003
1314,1314,0,0.3569107306219663
1315,1315,1,0.7739019765501413
1316,1316,1,0.6371714447152932
1317,1317,0,0.4141177640401063
1318,1318,1,0.5151804578985294
1319,1319,0,0.24709102557686344
1320,1320,1,0.7219734035573897
1321,1321,1,0.6863614955688789
1322,1322,1,0.74495232561687
1323,1323,0,0.19447028743908798
1324,1324,1,0.8154977986660569
1325,1325,1,0.8146770974414365
1326,1326,1,0.5476885260992974
1327,1327,1,0.7218779846250976
1328,1328,1,0.7118645114608014
1329,1329,0,0.20183082774329428
1330,1330,0,0.2757330654199891
1331,1331,1,0.6557032141852239
1332,1332,1,0.7552958644880251
1333,1333,0,0.32806208672218096
1334,1334,1,0.7654401189339514
1335,1335,1,0.8552480699764685
1336,1336,0,0.28763805985064234
1337,1337,0,0.35849357117903813
1338,1338,1,0.8405898570726573
1339,1339,1,0.6090283661980732
1340,1340,1,0.6024586697646289
1341,1341,0,0.25380001573003275
1342,1342,0,0.18460251733135455
1343,1343,0,0.497214644082742
1344,1344,1,0.5547140482422342
1345,1345,0,0.3935838092148544
1346,1346,0,0.3037646071105193
1347,1347,1,0.5441714392880491
1348,1348,0,0.20027827782677313
1349,1349,0,0.36244632477668653
1350,1350,0,0.28353144847955336
1351,1351,1,0.501438856258702
1352,1352,1,0.6225363741685458
1353,1353,1,0.7988546747117624
1354,1354,1,0.5181243869181249
1355,1355,1,0.8216390442177486
1356,1356,0,0.45756462542423915
1357,1357,0,0.3972283098633438
1358,1358,0,0.1613481592359495
1359,1359,0,0.44196465190052053
1360,1360,1,0.6425281172679854
1361,1361,1,0.7519796207753681
1362,1362,1,0.8094100895952899
1363,1363,1,0.7977573230712494
1364,1364,1,0.5975824923278535
1365,1365,0,0.10528891469517739
1366,1366,1,0.5937005102519592
1367,1367,0,0.3113747945493878
1368,1368,0,0.300785832671914
1369,1369,1,0.6527435855069472
1370,1370,0,0.3988459377119443
1371,1371,0,0.1860690235520007
1372,1372,0,0.3023371896387432
1373,1373,1,0.6991209743185502
1374,1374,0,0.38207077991384747
1375,1375,0,0.11845129117172556
1376,1376,0,0.41080862871913554
1377,1377,0,0.24014750176211958
1378,1378,1,0.8405262773966231
1379,1379,1,0.5317154510317315
1380,1380,0,0.36388920125602076
1381,1381,1,0.5653311132622135
1382,1382,0,0.24660719247948565
1383,1383,1,0.5285774041783086
1384,1384,0,0.4210324640679805
1385,1385,1,0.5323789998881288
1386,1386,0,0.49865483502110375
1387,1387,0,0.12561942277453975
1388,1388,1,0.7862864928356416
1389,1389,0,0.1649964111172569
1390,1390,1,0.888881559543606
1391,1391,1,0.529170424212549
1392,1392,1,0.6794582042031507
1393,1393,1,0.8489496455750727
1394,1394,1,0.8701813352413287
1395,1395,1,0.5579864958865967
1396,1396,0,0.4408309986954804
1397,1397,0,0.21082466424872903
1398,1398,0,0.22088777859105854
1399,1399,1,0.5290604780922756
1400,1400,0,0.19514488407692543
1401,1401,0,0.2909567835378187
1402,1402,1,0.6690089659563528
1403,1403,1,0.7674943031703704
1404,1404,0,0.2728877869649496
1405,1405,0,0.2505848303749018
1406,1406,0,0.2782713036002042
1407,1407,1,0.6739877016471353
1408,1408,0,0.1827900250191321
1409,1409,0,0.4532199879748327
1410,1410,1,0.7483621704058661
1411,1411,1,0.7066091517135914
1412,1412,0,0.17179440385495678
1413,1413,0,0.4162305365323052
1414,1414,0,0.39172517781916605
1415,1415,1,0.5170622154454427
1416,1416,0,0.19403803513470103
1417,1417,0,0.3935369797094272
1418,1418,1,0.8413877623447327
1419,1419,0,0.1088673744134345
1420,1420,0,0.3715861363159656
1421,1421,0,0.2625304510170369
1422,1422,1,0.8778797847259405
1423,1423,0,0.4912180045418458
1424,1424,0,0.10661550178253164
1425,1425,0,0.4647224113198678
1426,1426,0,0.4153197464494806
1427,1427,0,0.4391395968259638
1428,1428,0,0.42624842654059736
1429,1429,1,0.5461848648930094
1430,1430,1,0.5661969264085862
1431,1431,0,0.097236810120187
1432,1432,1,0.7124520495775005
1433,1433,0,0.20978281240916116
1434,1434,0,0.2776089083953875
1435,1435,0,0.30072575889759684
1436,1436,1,0.8781897305583841
1437,1437,1,0.7311471734456122
1438,1438,1,0.7460893666273585
1439,1439,1,0.8702161860196791
1440,1440,1,0.6911746448678588
1441,1441,1,0.6213322823361725
1442,1442,1,0.5359439403799628
1443,1443,0,0.4546111705237152
1444,1444,0,0.19580680815074286
1445,1445,1,0.9416949040299951
1446,1446,1,0.860527842130369
1447,1447,0,0.2849189329815449
1448,1448,0,0.42866397093289316
1449,1449,0,0.2865255693307808
1450,1450,0,0.40019346219653146
1451,1451,1,0.8241188233827178
1452,1452,1,0.7637254470221735
1453,1453,1,0.6553655961886695
1454,1454,1,0.5558977133241841
1455,1455,0,0.36839557587816
1456,1456,1,0.8631572985378784
1457,1457,0,0.29769745856513447
1458,1458,1,0.5255925782787557
1459,1459,1,0.8316179501134748
1460,1460,0,0.4119634388154859
1461,1461,0,0.35912226849451323
1462,1462,1,0.7607637596783869
1463,1463,0,0.23268306862021695
1464,1464,0,0.4870109541057676
1465,1465,0,0.27610447227496016
1466,1466,1,0.7096673711946925
1467,1467,1,0.5877499718599312
1468,1468,1,0.5185156063786288
1469,1469,1,0.864691093297117
1470,1470,0,0.25982723066342195
1471,1471,1,0.5638011428428896
1472,1472,0,0.4140896127121898
1473,1473,1,0.7000734995069475
1474,1474,0,0.4757659929698122
1475,1475,0,0.09166896570955477
1476,1476,1,0.74703117698386
1477,1477,0,0.22656385572210488
1478,1478,1,0.7074830099725812
1479,1479,1,0.5841791864597081
1480,1480,0,0.25191150385608746
1481,1481,0,0.49415396745373075
1482,1482,1,0.6053388074276649
1483,1483,0,0.4413054036194425
1484,1484,0,0.39235913467283867
1485,1485,0,0.34248251181944217
1486,1486,0,0.35914485102020977
1487,1487,0,0.3667541337188477
1488,1488,0,0.3927383564432009
1489,1489,0,0.31106777831679544
1490,1490,0,0.34045663236621776
1491,1491,1,0.8479896305005367
1492,1492,0,0.46403100345781473
1493,1493,1,0.563269549904057
1494,1494,1,0.6304640940123947
1495,1495,0,0.4368523002403532
1496,1496,1,0.5770510156533687
1497,1497,1,0.819562014372324
1498,1498,1,0.5501988376638237
1499,1499,1,0.6085063844115969
